{
  "mean_energy": 0.0637623593211174,
  "energy_std": 0.07717917114496231,
  "dynamic_range": 0.6494389176368713,
  "energy_percentiles": [
    7.553903851658106e-05,
    0.00032879161881282926,
    0.0046812621876597404,
    0.03438962250947952,
    0.09953623265028,
    0.16385871171951297,
    0.21259692907333377
  ],
  "spectral_center": 1635.2474202115247,
  "spectral_rolloff": 3065.7765893341366,
  "spectral_bandwidth": 1535.3449577587485,
  "silence_threshold": 0.00032879161881282926,
  "snr_estimate": 56.67274475097656,
  "weak_voice_ratio": 0.2499973845268609,
  "very_weak_ratio": 0.10000523094627818,
  "recording_quality": "high",
  "duration": 955.8465625,
  "sample_rate": 16000,
  "analysis_timestamp": 1748619902.602392,
  "source_file": "gros.mp3"
}